frequency_hz,vin_pp_v,load_pp_v,load_min_v,load_max_v,amp_out_pp_v
1000.0,0.002,0.0404541399,-0.0200358265,0.0204183134,0.040297670000000174
10000.0,0.002,0.0315767351,-0.0153278384,0.0162488967,0.03158388999999939
