frequency_hz,vin_pp_v,load_pp_v,load_min_v,load_max_v,amp_out_pp_v
1000.0,0.002,0.00621243598,-0.00310898058,0.0031034554,0.0061990800000000235
10000.0,0.002,0.00501188197,-0.00251855302,0.00249332895,0.005012600000000589
