frequency_hz,vin_pp_v,load_pp_v,load_min_v,load_max_v,amp_out_pp_v
1000.0,0.002,0.00711459509,-0.00360088211,0.00351371298,0.0071017399999995234
10000.0,0.002,0.00534250442,-0.00273682422,0.0026056802,0.005342680000000044
