frequency_hz,vin_pp_v,load_pp_v,load_min_v,load_max_v,amp_out_pp_v
1000.0,1.0,2.5348391020000003,-1.58084755,0.953991552,2.5357269
10000.0,1.0,1.9470592,-1.27901647,0.66804273,1.94703317
