frequency_hz,vin_pp_v,load_pp_v,load_min_v,load_max_v,amp_out_pp_v
1000.0,1.0,7.16317321,-2.49651445,4.66665876,7.143170209999999
10000.0,1.0,6.39159119,-1.48750174,4.90408945,6.39140996
